[
  {
    "Id": 1,
    "Titulo": "Macbeth",
    "Autor": "William Shakespeare"
  },
  {
    "Id": 2,
    "Titulo": "La Celestina (Tragicomedia de Calisto y Melibea)",
    "Autor": "Fernando de Rojas"
  },
  {
    "Id": 3,
    "Titulo": "El Lazarillo de Tormes",
    "Autor": "Anónimo"
  },
  {
    "Id": 4,
    "Titulo": "20.000 Leguas de Viaje Submarino",
    "Autor": "Julio Verne"
  },
  {
    "Id": 5,
    "Titulo": "Alicia en el País de las Maravillas",
    "Autor": "Lewis Carrol"
  },
  {
    "Id": 6,
    "Titulo": "Cien Años de Soledad",
    "Autor": "Gabriel García Márquez"
  },
  {
    "Id": 7,
    "Titulo": "La tempestad",
    "Autor": "William Shakespeare"
  }
]
